hahminlew/sdxl-kream-model-lora-2.0,hahminlew/kream-product-blip-captions
sshh12/sdxl-lora-pokemon,lambdalabs/pokemon-blip-captions
sshh12/sdxl-lora-planet-textures,sshh12/planet-textures
mywang/sdxl-pokemon-model,lambdalabs/pokemon-blip-captions
llyfacebook/sdxl-pokemon-model,lambdalabs/pokemon-blip-captions
IA-hf/sd-pokemon-model-lora-sdxl,lambdalabs/pokemon-blip-captions
tanguyrenaudie/dog_kira,fabiochiu/kira-dog
Chenhsing/sd-pokemon-model-lora-sdxl,lambdalabs/pokemon-blip-captions
Chenhsing/carturn-model-lora-sdxl,lambdalabs/pokemon-blip-captions
Chenhsing/sdxl-part-model,lambdalabs/pokemon-blip-captions
Dime96/sd-pokemon-model-lora-sdxl,lambdalabs/pokemon-blip-captions
MichalRZak/sd-pokemon-model-lora-sdxl,lambdalabs/pokemon-blip-captions
dbecker1/sd-pokemon-model-lora-sdxl,lambdalabs/pokemon-blip-captions
sshh12/sd2-lora-inpainting-sentinel-2-rgb,sshh12/sentinel-2-rgb-captioned
chenxiang204/sd-pokemon-model-lora-sdxl,lambdalabs/pokemon-blip-captions
AlexandreBinninger/sd-pokemon-model-lora-sdxl,lambdalabs/pokemon-blip-captions
hahminlew/sdxl-kream-model-lora,hahminlew/kream-product-blip-captions
camapblue/bellagio-ai-t2i-ben-thanh-market,bellagio-ai/t2i-cho-ben-thanh
bellagio-ai/t2i-vietnam-pictures-1k,bellagio-ai/t2i-vietnam-pictures
bellagio-ai/t2i-vietnam-pictures-2k,bellagio-ai/t2i-vietnam-pictures
camapblue/bellagio-ai-t2i-vietnam-pictures-concat,bellagio-ai/t2i-one-pillar-pagoda
camapblue/bellagio-ai-t2i-vietnam-pictures-concat1,bellagio-ai/t2i-hoan-kiem-lake
anjakuzev/michael_scott_v19,anjakuzev/michael_scott
kangsul/sd-pokemon-model-lora-sdxl,lambdalabs/pokemon-blip-captions
rjaiswal/sdxl-friends-model-lora,rjaiswal/friends-dataset
rjaiswal/sdxl-bulgari-model-lora,rjaiswal/tubogas-dataset
ksukrit/sdxl_lora_hand_annotated,ksukrit/annotated_hands_good_dataset
recoilme/sd-pokemon-model-lora-sdxl,recoilme/aesthetic_photos_xs
recoilme/ColorfulSSD-1B_v01,recoilme/aesthetic_photos_xs
recoilme/ColorfulSSD-1B_v02,recoilme/aesthetic_photos_xs
nikkod/sd-pokemon-model-lora-sdxl,lambdalabs/pokemon-blip-captions
recoilme/ColorfulSSD-1B_v03,recoilme/portraits_xs
recoilme/ColorfulSSD-1B_v04,recoilme/portraits_xs
recoilme/ColorfulSSD-1B_v05,recoilme/portraits_xs
recoilme/ColorfulSSD-1B_v06,recoilme/colorful_s_1024
recoilme/ColorfulSSD-1B_v07,recoilme/colorful_s_1024
recoilme/ColorfulSSD-1B_v08,recoilme/colorful_s_1024
recoilme/ColorfulSSD-1B_v10,recoilme/colorful_m
rjaiswal/sdxl-spiga-tubogas-model-lora,rjaiswal/watches-plus-3D-views-dataset
recoilme/ColorfulSSD-1B_v09,recoilme/colorful_s_1024
recoilme/workspace,recoilme/colorful_m
stephenhib/sd-pokemon-model-lora-sdxl,lambdalabs/pokemon-blip-captions
rjaiswal/sdxl-montresandco-model-lora,rjaiswal/montresandco-dataset
cyberoleg/explosion_v1,lambdalabs/pokemon-blip-captions
blanchon/sdxl-geolora-model-lora,blanchon/rsicd_augmented
blanchon/sdxl-b16-r128-geolora-model-lora,blanchon/rsicd_augmented
blanchon/sdxl-r32-geolora-model-lora,blanchon/rsicd_augmented
MaxReynolds/SouderRocketLauncherNetCombined-XL-v0,MaxReynolds/Lee_Souder_Combined
ppierzc/sd-icongenie-model-lora-sdxl,ppierzc/ios-app-icons
blanchon/sdxl-b16-e6-r128-geolora-merged-dataset,blanchon/merged_dataset
rjaiswal/sd-pokemon-model-lora-ssd,lambdalabs/pokemon-blip-captions
Nasrin791/sdxl-pokemon-model,lambdalabs/pokemon-blip-captions
rjaiswal/vega-watches-model-lora,rjaiswal/watches-plus-3D-views-dataset
rjaiswal/segmind-1B-watches-model-lora,rjaiswal/watches-plus-3D-views-dataset
NYUAD-ComNets/Indian_Female_Profession_Model,NYUAD-ComNets/Indian_Female_Profession
rjaiswal/segmind-1B-watches-all-brands-model-lora,rjaiswal/watches_all_brands
CarlosFMarques/sdxl-kream-model-lora-spotify,CarlosFMarques/spotify
andrefz/sd-pokemon-model-lora-sdxl,lambdalabs/pokemon-blip-captions
swj0419/sdxl-pokemon-model,lambdalabs/pokemon-blip-captions
VikramSingh178/sdxl-lora-finetune-product-caption,hahminlew/kream-product-blip-captions
